[{"ID":"39","Name":"Sửa Rửa Mặt Ekel","Content":"","Attribute":{},"DataAttribute":"[]","Group":"danh-muc-noi-bat","Urlimages":"\/public\/img\/images\/adv\/2018\/12\/adv-39.jpeg","Link":"","isShow":"1","createDate":"2018-07-04","updateDate":"2018-12-14","Image":"\/public\/img\/images\/adv\/2018\/12\/_thumbs\/adv-39_180x180.jpeg"},{"ID":"42","Name":"Danh Mục Nổi Bật ","Content":"","Attribute":{},"DataAttribute":"[]","Group":"danh-muc-noi-bat","Urlimages":"\/public\/img\/images\/adv\/2018\/12\/adv-42.jpeg","Link":"","isShow":"1","createDate":"2018-07-04","updateDate":"2018-12-12","Image":"\/public\/img\/images\/adv\/2018\/12\/_thumbs\/adv-42_180x180.jpeg"},{"ID":"59","Name":"Danh Mục Nổi Bật","Content":"","Attribute":{},"DataAttribute":"[]","Group":"danh-muc-noi-bat","Urlimages":"\/public\/img\/images\/adv\/2019\/01\/adv-59.jpeg","Link":"","isShow":"1","createDate":"2018-12-14","updateDate":"2019-05-21","Image":"\/public\/img\/images\/adv\/2019\/01\/_thumbs\/adv-59_180x180.jpeg"},{"ID":"60","Name":"Danh Mục Nổi Bật","Content":"","Attribute":{},"DataAttribute":"[]","Group":"danh-muc-noi-bat","Urlimages":"\/public\/img\/images\/adv\/2019\/01\/adv-60.jpeg","Link":"","isShow":"1","createDate":"2018-12-14","updateDate":"2019-05-21","Image":"\/public\/img\/images\/adv\/2019\/01\/_thumbs\/adv-60_180x180.jpeg"},{"ID":"61","Name":"Danh Mục Nổi Bật","Content":"","Attribute":{},"DataAttribute":"[]","Group":"danh-muc-noi-bat","Urlimages":"\/public\/img\/images\/quangcao\/danh-muc-noi-bat\/danh-muc-noi-bat-61.jpeg","Link":"","isShow":"1","createDate":"2018-12-22","updateDate":"2019-05-21","Image":"\/public\/img\/images\/quangcao\/danh-muc-noi-bat\/_thumbs\/danh-muc-noi-bat-61_180x180.jpeg"},{"ID":"65","Name":"Danh Mục Nổi Bật","Content":"","Attribute":{},"DataAttribute":"[]","Group":"danh-muc-noi-bat","Urlimages":"\/public\/img\/images\/quangcao\/danh-muc-noi-bat\/danh-muc-noi-bat-65.jpeg","Link":"","isShow":"1","createDate":"2018-12-24","updateDate":"2019-05-21","Image":"\/public\/img\/images\/quangcao\/danh-muc-noi-bat\/_thumbs\/danh-muc-noi-bat-65_180x180.jpeg"},{"ID":"66","Name":"Danh Mục Nổi Bật","Content":"","Attribute":{},"DataAttribute":"[]","Group":"danh-muc-noi-bat","Urlimages":"\/public\/img\/images\/adv\/2018\/12\/adv-66.jpeg","Link":"","isShow":"1","createDate":"2018-12-24","updateDate":"2019-05-21","Image":"\/public\/img\/images\/adv\/2018\/12\/_thumbs\/adv-66_180x180.jpeg"},{"ID":"67","Name":"Danh Mục Nổi Bật","Content":"","Attribute":{},"DataAttribute":"[]","Group":"danh-muc-noi-bat","Urlimages":"\/public\/img\/images\/quangcao\/danh-muc-noi-bat\/danh-muc-noi-bat-67.jpeg","Link":"","isShow":"1","createDate":"2018-12-24","updateDate":"2019-05-21","Image":"\/public\/img\/images\/quangcao\/danh-muc-noi-bat\/_thumbs\/danh-muc-noi-bat-67_180x180.jpeg"}]