[{"ID":"33","Name":"Quảng Cáo Slide Trang Chủ","Content":"            PHẠM HÙNG CHO BẠN SỰ LỰA CHỌN HOÀN HẢO","Attribute":{"background":"#FEC216"},"DataAttribute":"[{\"key\":\"background\",\"value\":\"#FEC216\"}]","Group":"homeslide","Urlimages":"\/public\/img\/images\/adv\/2019\/01\/adv-33.jpeg","Link":"#","isShow":"1","createDate":"2018-05-18","updateDate":"2021-05-09","Image":"\/public\/img\/images\/adv\/2019\/01\/_thumbs\/adv-33_785x480.jpeg"},{"ID":"37","Name":"Quảng Cáo Slide Trang Chủ","Content":"","Attribute":{"background":"#80827E"},"DataAttribute":"[{\"key\":\"background\",\"value\":\"#80827E\"}]","Group":"homeslide","Urlimages":"\/public\/img\/images\/adv\/2018\/08\/adv-37.png","Link":"#","isShow":"1","createDate":"2018-05-18","updateDate":"2018-08-21","Image":"\/public\/img\/images\/adv\/2018\/08\/_thumbs\/adv-37_785x480.png"},{"ID":"57","Name":"Quảng Cáo Slide Trang Chủ","Content":"","Attribute":{"background":"#aaa"},"DataAttribute":"[{\"key\":\"background\",\"value\":\"#aaa\"}]","Group":"homeslide","Urlimages":"\/public\/img\/images\/quangcao\/homeslide\/homeslide-57.jpeg","Link":"#","isShow":"1","createDate":"2018-08-21","updateDate":"2018-08-21","Image":"\/public\/img\/images\/quangcao\/homeslide\/_thumbs\/homeslide-57_785x480.jpeg"},{"ID":"58","Name":"Quảng Cáo Slide Trang Chủ","Content":"","Attribute":{"background":"#aaa"},"DataAttribute":"[{\"key\":\"background\",\"value\":\"#aaa\"}]","Group":"homeslide","Urlimages":"\/public\/img\/images\/quangcao\/homeslide\/homeslide-58.jpeg","Link":"#","isShow":"1","createDate":"2018-08-23","updateDate":"2018-08-23","Image":"\/public\/img\/images\/quangcao\/homeslide\/_thumbs\/homeslide-58_785x480.jpeg"},{"ID":"70","Name":"Quảng Cáo Slide Trang Chủ","Content":"","Attribute":{"background":"#aaa"},"DataAttribute":"[{\"key\":\"background\",\"value\":\"#aaa\"}]","Group":"homeslide","Urlimages":"\/public\/img\/images\/quangcao\/homeslide\/homeslide-70.jpeg","Link":"#","isShow":"1","createDate":"2019-01-10","updateDate":"2019-01-10","Image":"\/public\/img\/images\/quangcao\/homeslide\/_thumbs\/homeslide-70_785x480.jpeg"},{"ID":"73","Name":"Quảng Cáo Slide Trang Chủ","Content":"","Attribute":{"background":"#aaa"},"DataAttribute":"[{\"key\":\"background\",\"value\":\"#aaa\"}]","Group":"homeslide","Urlimages":"\/public\/img\/images\/quangcao\/homeslide\/homeslide-73.jpeg","Link":"#","isShow":"1","createDate":"2019-01-16","updateDate":"2019-01-16","Image":"\/public\/img\/images\/quangcao\/homeslide\/_thumbs\/homeslide-73_785x480.jpeg"},{"ID":"74","Name":"Quảng Cáo Slide Trang Chủ","Content":"","Attribute":{"background":"#aaa"},"DataAttribute":"[{\"key\":\"background\",\"value\":\"#aaa\"}]","Group":"homeslide","Urlimages":"\/public\/img\/images\/quangcao\/homeslide\/homeslide-74.jpeg","Link":"#","isShow":"1","createDate":"2019-01-16","updateDate":"2019-01-16","Image":"\/public\/img\/images\/quangcao\/homeslide\/_thumbs\/homeslide-74_785x480.jpeg"},{"ID":"76","Name":"Quảng Cáo Slide Trang Chủ","Content":"","Attribute":{"background":"#aaa"},"DataAttribute":"[{\"key\":\"background\",\"value\":\"#aaa\"}]","Group":"homeslide","Urlimages":"\/public\/img\/images\/quangcao\/homeslide\/homeslide-76.jpeg","Link":"#","isShow":"1","createDate":"2019-01-17","updateDate":"2021-05-09","Image":"\/public\/img\/images\/quangcao\/homeslide\/_thumbs\/homeslide-76_785x480.jpeg"}]